Timecode List:,00:00:01.367,00:00:02.000,00:00:02.933,00:00:04.433,00:00:06.600,00:00:09.167,00:00:11.233,00:00:15.800,00:00:19.267
Scene Number,Start Frame,Start Timecode,Start Time (seconds),End Frame,End Timecode,End Time (seconds),Length (frames),Length (timecode),Length (seconds)
1,1,00:00:00.000,0.000,41,00:00:01.367,1.367,41,00:00:01.367,1.367
2,42,00:00:01.367,1.367,60,00:00:02.000,2.000,19,00:00:00.633,0.633
3,61,00:00:02.000,2.000,88,00:00:02.933,2.933,28,00:00:00.933,0.933
4,89,00:00:02.933,2.933,133,00:00:04.433,4.433,45,00:00:01.500,1.500
5,134,00:00:04.433,4.433,198,00:00:06.600,6.600,65,00:00:02.167,2.167
6,199,00:00:06.600,6.600,275,00:00:09.167,9.167,77,00:00:02.567,2.567
7,276,00:00:09.167,9.167,337,00:00:11.233,11.233,62,00:00:02.067,2.067
8,338,00:00:11.233,11.233,474,00:00:15.800,15.800,137,00:00:04.567,4.567
9,475,00:00:15.800,15.800,578,00:00:19.267,19.267,104,00:00:03.467,3.467
10,579,00:00:19.267,19.267,698,00:00:23.267,23.267,120,00:00:04.000,4.000
